{
  "accuracy": [
    0.8637274503707886,
    0.9228456616401672,
    0.9296092391014099,
    0.9376252293586731,
    0.945891797542572,
    0.9466432929039001,
    0.9526553153991699,
    0.9541583061218262,
    0.9576653242111206,
    0.9571643471717834
  ],
  "val_accuracy": [
    0.9609218239784241,
    0.9679358601570129,
    0.9639278650283813,
    0.9719439148902893,
    0.968937873840332,
    0.9729458689689636,
    0.9749498963356018,
    0.9739478826522827,
    0.9809619188308716,
    0.97695392370224
  ],
  "loss": [
    0.4304531216621399,
    0.231928750872612,
    0.20865915715694427,
    0.18584078550338745,
    0.16997778415679932,
    0.1527342051267624,
    0.13765181601047516,
    0.13715019822120667,
    0.12222982943058014,
    0.1175277829170227
  ],
  "val_loss": [
    0.13730686902999878,
    0.11331085860729218,
    0.1077025979757309,
    0.10754735767841339,
    0.09825396537780762,
    0.08867636322975159,
    0.09459510445594788,
    0.09048128873109818,
    0.07072364538908005,
    0.08448640257120132
  ],
  "best_epoch": 8,
  "best_val_accuracy": 0.9809619188308716,
  "class_names": [
    "bulldozer",
    "car",
    "dump_truck",
    "excavator",
    "ice_rink",
    "mining_loader",
    "person",
    "truck_crane"
  ],
  "timestamp": "2025-10-23T10:45:43.374213"
}